patient_id,ward,bed,age,gender,charlson_comorbidity_index,recent_surgery,admission_time,icu_los_hours,develops_hai,hai_onset_hour,hai_type,is_demo_patient
DEMO-1042,ICU-A (Medical),ICU-A-21,69,M,3,1,2026-08-02T07:00:00,54,1,60.0,CLABSI,True
DEMO-1101,Ward-3 (Stepdown),Ward-3-20,63,M,1,0,2026-08-01T21:00:00,92,1,55.0,VAP,False
DEMO-1102,ICU-B (Surgical),ICU-B-23,67,M,6,1,2026-08-01T11:00:00,92,0,,None,False
DEMO-1103,Ward-3 (Stepdown),Ward-3-14,73,F,2,0,2026-08-02T06:00:00,52,0,,None,False
DEMO-1104,ICU-A (Medical),ICU-A-20,51,F,0,0,2026-08-03T18:00:00,102,0,,None,False
DEMO-1105,ICU-B (Surgical),ICU-B-21,59,M,1,1,2026-08-01T16:00:00,62,0,,None,False
DEMO-1106,ICU-A (Medical),ICU-A-22,72,F,0,1,2026-08-03T02:00:00,57,0,,None,False
DEMO-1107,ICU-B (Surgical),ICU-B-01,57,M,0,1,2026-08-04T04:00:00,61,0,,None,False
DEMO-1108,ICU-B (Surgical),ICU-B-15,79,M,3,1,2026-08-02T20:00:00,92,1,83.0,VAP,False
DEMO-1109,ICU-B (Surgical),ICU-B-09,81,M,2,1,2026-08-02T20:00:00,155,0,,None,False
DEMO-1110,ICU-B (Surgical),ICU-B-24,87,M,2,1,2026-08-02T03:00:00,100,0,,None,False
DEMO-1111,Ward-3 (Stepdown),Ward-3-24,56,F,0,0,2026-08-03T04:00:00,104,0,,None,False
DEMO-1112,ICU-B (Surgical),ICU-B-07,62,F,0,1,2026-08-02T13:00:00,126,0,,None,False
DEMO-1113,ICU-B (Surgical),ICU-B-16,77,M,2,1,2026-08-02T01:00:00,168,0,,None,False
DEMO-1114,Ward-3 (Stepdown),Ward-3-17,59,F,4,0,2026-08-03T08:00:00,98,0,,None,False
DEMO-1115,ICU-A (Medical),ICU-A-02,61,M,0,0,2026-08-04T00:00:00,67,0,,None,False
DEMO-1116,ICU-A (Medical),ICU-A-04,89,M,2,1,2026-08-03T08:00:00,104,0,,None,False
DEMO-1117,ICU-B (Surgical),ICU-B-09,71,F,2,1,2026-08-02T23:00:00,48,0,,None,False
DEMO-1118,ICU-A (Medical),ICU-A-03,48,F,0,1,2026-08-04T00:00:00,88,0,,None,False
DEMO-1119,ICU-C (Cardiac),ICU-C-18,46,M,4,1,2026-08-03T21:00:00,59,1,49.0,CLABSI,False
DEMO-1120,ICU-A (Medical),ICU-A-15,56,M,1,0,2026-08-03T17:00:00,67,0,,None,False
DEMO-1121,ICU-B (Surgical),ICU-B-22,56,F,6,1,2026-08-01T18:00:00,55,0,,None,False
DEMO-1122,ICU-C (Cardiac),ICU-C-20,71,F,2,0,2026-08-03T20:00:00,81,0,,None,False
DEMO-1123,ICU-A (Medical),ICU-A-15,40,M,0,0,2026-08-02T07:00:00,125,1,55.0,CAUTI,False
DEMO-1124,ICU-A (Medical),ICU-A-24,55,M,1,0,2026-08-02T08:00:00,83,0,,None,False
DEMO-1125,ICU-B (Surgical),ICU-B-11,73,F,2,1,2026-08-03T17:00:00,84,0,,None,False
DEMO-1126,ICU-C (Cardiac),ICU-C-24,68,M,3,0,2026-08-04T03:00:00,162,0,,None,False
DEMO-1127,ICU-C (Cardiac),ICU-C-02,78,M,3,0,2026-08-01T11:00:00,54,0,,None,False
DEMO-1128,Ward-3 (Stepdown),Ward-3-03,41,F,1,0,2026-08-02T19:00:00,53,0,,None,False
DEMO-1129,Ward-3 (Stepdown),Ward-3-14,53,M,2,0,2026-08-03T00:00:00,83,0,,None,False
DEMO-1130,ICU-C (Cardiac),ICU-C-08,68,F,1,1,2026-08-02T10:00:00,59,0,,None,False
DEMO-1131,ICU-B (Surgical),ICU-B-22,47,M,4,1,2026-08-02T11:00:00,104,0,,None,False
DEMO-1132,ICU-A (Medical),ICU-A-18,73,M,2,1,2026-08-02T06:00:00,91,1,62.0,VAP,False
DEMO-1133,ICU-C (Cardiac),ICU-C-23,58,F,2,1,2026-08-02T09:00:00,106,0,,None,False
DEMO-1134,ICU-B (Surgical),ICU-B-15,72,F,6,1,2026-08-01T12:00:00,48,0,,None,False
DEMO-1135,ICU-A (Medical),ICU-A-22,66,M,2,1,2026-08-01T09:00:00,50,0,,None,False
DEMO-1136,Ward-3 (Stepdown),Ward-3-14,60,F,1,0,2026-08-02T15:00:00,148,0,,None,False
DEMO-1137,ICU-C (Cardiac),ICU-C-07,36,F,1,1,2026-08-03T10:00:00,55,0,,None,False
DEMO-1138,ICU-A (Medical),ICU-A-18,64,M,3,0,2026-08-02T09:00:00,49,0,,None,False
DEMO-1139,ICU-C (Cardiac),ICU-C-06,77,M,2,0,2026-08-02T17:00:00,138,0,,None,False
DEMO-1140,ICU-C (Cardiac),ICU-C-22,73,M,0,0,2026-08-01T19:00:00,49,0,,None,False
DEMO-1141,ICU-B (Surgical),ICU-B-01,35,F,1,1,2026-08-02T18:00:00,80,0,,None,False
DEMO-1142,ICU-B (Surgical),ICU-B-24,64,M,1,1,2026-08-01T14:00:00,74,0,,None,False
DEMO-1143,ICU-C (Cardiac),ICU-C-15,51,F,2,0,2026-08-03T09:00:00,168,0,,None,False
DEMO-1144,ICU-C (Cardiac),ICU-C-08,49,M,4,0,2026-08-02T16:00:00,108,1,95.0,CLABSI,False
DEMO-1145,ICU-C (Cardiac),ICU-C-22,39,M,1,0,2026-08-03T23:00:00,48,0,,None,False
DEMO-1146,Ward-3 (Stepdown),Ward-3-19,69,M,3,0,2026-08-03T16:00:00,60,0,,None,False
DEMO-1147,ICU-B (Surgical),ICU-B-14,68,M,1,1,2026-08-03T08:00:00,56,0,,None,False
DEMO-1148,ICU-A (Medical),ICU-A-05,76,F,1,0,2026-08-03T14:00:00,82,0,,None,False
DEMO-1149,ICU-B (Surgical),ICU-B-06,63,M,1,1,2026-08-02T08:00:00,87,1,75.0,CAUTI,False
DEMO-1150,ICU-B (Surgical),ICU-B-06,75,M,4,1,2026-08-01T08:00:00,57,0,,None,False
DEMO-1151,Ward-3 (Stepdown),Ward-3-24,62,M,1,0,2026-08-03T09:00:00,168,0,,None,False
DEMO-1152,Ward-3 (Stepdown),Ward-3-12,76,F,2,1,2026-08-03T06:00:00,101,0,,None,False
DEMO-1153,ICU-A (Medical),ICU-A-05,64,F,0,0,2026-08-02T07:00:00,55,0,,None,False
DEMO-1154,ICU-C (Cardiac),ICU-C-05,60,F,4,0,2026-08-01T11:00:00,99,0,,None,False
DEMO-1155,ICU-C (Cardiac),ICU-C-10,39,M,2,1,2026-08-01T12:00:00,50,0,,None,False
DEMO-1156,ICU-A (Medical),ICU-A-23,61,M,1,0,2026-08-03T01:00:00,60,0,,None,False
DEMO-1157,ICU-A (Medical),ICU-A-05,60,M,3,0,2026-08-03T08:00:00,68,0,,None,False
DEMO-1158,ICU-A (Medical),ICU-A-01,80,M,1,1,2026-08-02T10:00:00,64,0,,None,False
DEMO-1159,ICU-B (Surgical),ICU-B-22,44,F,6,1,2026-08-02T06:00:00,77,0,,None,False
DEMO-1160,ICU-C (Cardiac),ICU-C-08,59,M,0,1,2026-08-03T03:00:00,104,0,,None,False
DEMO-1161,ICU-A (Medical),ICU-A-02,79,M,4,0,2026-08-02T05:00:00,68,0,,None,False
DEMO-1162,ICU-C (Cardiac),ICU-C-11,88,F,5,1,2026-08-04T02:00:00,48,1,49.0,CLABSI,False
DEMO-1163,ICU-C (Cardiac),ICU-C-14,61,F,1,0,2026-08-02T06:00:00,84,0,,None,False
DEMO-1164,ICU-A (Medical),ICU-A-07,47,M,6,1,2026-08-01T20:00:00,55,0,,None,False
DEMO-1165,ICU-B (Surgical),ICU-B-09,56,F,5,1,2026-08-03T13:00:00,129,0,,None,False
DEMO-1166,ICU-B (Surgical),ICU-B-12,77,F,1,1,2026-08-02T05:00:00,147,1,133.0,VAP,False
DEMO-1167,ICU-C (Cardiac),ICU-C-24,66,M,0,0,2026-08-03T23:00:00,53,0,,None,False
DEMO-1168,ICU-C (Cardiac),ICU-C-09,61,F,1,0,2026-08-02T09:00:00,168,0,,None,False
DEMO-1169,Ward-3 (Stepdown),Ward-3-21,51,F,3,1,2026-08-01T14:00:00,50,1,49.0,VAP,False
DEMO-1170,ICU-C (Cardiac),ICU-C-11,54,F,0,1,2026-08-03T10:00:00,76,0,,None,False
DEMO-1171,ICU-A (Medical),ICU-A-05,47,F,2,1,2026-08-03T17:00:00,168,0,,None,False
DEMO-1172,ICU-A (Medical),ICU-A-02,71,M,1,0,2026-08-03T01:00:00,51,1,49.0,VAP,False
DEMO-1173,ICU-C (Cardiac),ICU-C-14,64,M,1,0,2026-08-04T02:00:00,51,0,,None,False
DEMO-1174,ICU-B (Surgical),ICU-B-24,87,M,3,1,2026-08-04T03:00:00,85,0,,None,False
DEMO-1175,ICU-A (Medical),ICU-A-19,65,F,5,0,2026-08-03T23:00:00,77,1,65.0,VAP,False
DEMO-1176,ICU-A (Medical),ICU-A-03,68,M,0,0,2026-08-02T00:00:00,168,0,,None,False
DEMO-1177,Ward-3 (Stepdown),Ward-3-24,63,F,3,0,2026-08-02T15:00:00,107,0,,None,False
DEMO-1178,ICU-B (Surgical),ICU-B-01,56,F,1,1,2026-08-02T08:00:00,96,0,,None,False
DEMO-1179,ICU-B (Surgical),ICU-B-02,55,M,1,1,2026-08-02T07:00:00,166,0,,None,False
DEMO-1180,Ward-3 (Stepdown),Ward-3-16,54,M,5,0,2026-08-01T10:00:00,89,1,63.0,CAUTI,False
DEMO-1181,ICU-C (Cardiac),ICU-C-15,63,M,1,0,2026-08-03T22:00:00,79,0,,None,False
DEMO-1182,ICU-A (Medical),ICU-A-12,69,F,0,1,2026-08-01T20:00:00,91,0,,None,False
DEMO-1183,ICU-C (Cardiac),ICU-C-24,70,M,1,0,2026-08-02T19:00:00,168,0,,None,False
DEMO-1184,ICU-B (Surgical),ICU-B-12,42,F,6,1,2026-08-02T21:00:00,143,0,,None,False
DEMO-1185,ICU-A (Medical),ICU-A-03,72,M,0,0,2026-08-04T01:00:00,52,1,49.0,CAUTI,False
DEMO-1186,ICU-A (Medical),ICU-A-16,55,M,4,1,2026-08-03T02:00:00,57,0,,None,False
DEMO-1187,ICU-A (Medical),ICU-A-09,67,F,1,0,2026-08-02T07:00:00,113,0,,None,False
DEMO-1188,ICU-C (Cardiac),ICU-C-08,70,M,2,0,2026-08-04T06:00:00,79,0,,None,False
DEMO-1189,Ward-3 (Stepdown),Ward-3-20,74,M,5,0,2026-08-02T10:00:00,51,0,,None,False
DEMO-1190,ICU-C (Cardiac),ICU-C-24,74,M,5,1,2026-08-03T07:00:00,62,0,,None,False
DEMO-1191,ICU-B (Surgical),ICU-B-08,62,M,1,1,2026-08-01T12:00:00,76,0,,None,False
DEMO-1192,ICU-B (Surgical),ICU-B-07,57,F,2,1,2026-08-02T01:00:00,97,0,,None,False
DEMO-1193,Ward-3 (Stepdown),Ward-3-22,71,F,0,0,2026-08-03T15:00:00,60,0,,None,False
DEMO-1194,ICU-B (Surgical),ICU-B-19,69,F,2,1,2026-08-02T14:00:00,65,0,,None,False
DEMO-1195,ICU-B (Surgical),ICU-B-06,42,F,1,1,2026-08-03T08:00:00,138,0,,None,False
DEMO-1196,ICU-A (Medical),ICU-A-08,41,F,2,1,2026-08-03T01:00:00,61,0,,None,False
DEMO-1197,ICU-C (Cardiac),ICU-C-17,21,M,3,0,2026-08-02T07:00:00,52,0,,None,False
DEMO-1198,ICU-A (Medical),ICU-A-14,37,M,2,0,2026-08-02T17:00:00,79,0,,None,False
DEMO-1199,ICU-B (Surgical),ICU-B-11,59,M,3,1,2026-08-04T05:00:00,61,0,,None,False
DEMO-1200,ICU-C (Cardiac),ICU-C-07,60,M,1,0,2026-08-01T09:00:00,50,0,,None,False
DEMO-1201,ICU-B (Surgical),ICU-B-09,66,F,1,1,2026-08-01T10:00:00,98,1,78.0,CLABSI,False
DEMO-1202,ICU-A (Medical),ICU-A-17,38,F,1,0,2026-08-02T17:00:00,61,0,,None,False
DEMO-1203,Ward-3 (Stepdown),Ward-3-17,51,F,2,0,2026-08-01T13:00:00,77,1,64.0,CAUTI,False
DEMO-1204,ICU-C (Cardiac),ICU-C-03,75,M,1,0,2026-08-03T07:00:00,164,0,,None,False
DEMO-1205,ICU-B (Surgical),ICU-B-24,61,M,1,1,2026-08-02T20:00:00,58,1,51.0,CLABSI,False
DEMO-1206,ICU-A (Medical),ICU-A-11,66,M,2,0,2026-08-04T05:00:00,93,0,,None,False
DEMO-1207,Ward-3 (Stepdown),Ward-3-11,62,M,2,0,2026-08-04T07:00:00,131,0,,None,False
DEMO-1208,ICU-B (Surgical),ICU-B-17,68,F,2,1,2026-08-03T18:00:00,168,0,,None,False
DEMO-1209,ICU-B (Surgical),ICU-B-04,64,F,3,1,2026-08-03T14:00:00,57,0,,None,False
DEMO-1210,ICU-A (Medical),ICU-A-17,70,F,2,0,2026-08-01T14:00:00,56,0,,None,False
DEMO-1211,ICU-B (Surgical),ICU-B-09,68,M,1,1,2026-08-03T16:00:00,81,0,,None,False
DEMO-1212,ICU-B (Surgical),ICU-B-03,69,M,1,1,2026-08-02T17:00:00,76,0,,None,False
DEMO-1213,ICU-C (Cardiac),ICU-C-17,67,F,4,0,2026-08-03T08:00:00,76,0,,None,False
DEMO-1214,ICU-A (Medical),ICU-A-02,66,M,4,1,2026-08-04T03:00:00,65,1,49.0,CLABSI,False
DEMO-1215,ICU-A (Medical),ICU-A-23,60,F,5,0,2026-08-01T22:00:00,53,1,49.0,CLABSI,False
DEMO-1216,ICU-B (Surgical),ICU-B-03,83,F,0,1,2026-08-02T11:00:00,127,0,,None,False
DEMO-1217,ICU-A (Medical),ICU-A-13,41,M,3,0,2026-08-02T18:00:00,60,0,,None,False
DEMO-1218,ICU-C (Cardiac),ICU-C-08,39,M,2,0,2026-08-04T07:00:00,86,0,,None,False
DEMO-1219,ICU-A (Medical),ICU-A-20,66,M,3,1,2026-08-03T16:00:00,60,1,52.0,CAUTI,False
DEMO-1220,ICU-A (Medical),ICU-A-20,60,F,4,0,2026-08-01T22:00:00,92,0,,None,False
DEMO-1221,ICU-A (Medical),ICU-A-20,70,M,3,0,2026-08-03T10:00:00,113,0,,None,False
DEMO-1222,ICU-B (Surgical),ICU-B-16,57,M,1,1,2026-08-02T17:00:00,64,0,,None,False
DEMO-1223,ICU-A (Medical),ICU-A-21,59,F,2,0,2026-08-01T11:00:00,54,1,49.0,CAUTI,False
DEMO-1224,ICU-A (Medical),ICU-A-02,69,F,2,1,2026-08-01T10:00:00,52,1,49.0,CAUTI,False
DEMO-1225,ICU-A (Medical),ICU-A-07,73,M,1,1,2026-08-02T11:00:00,57,0,,None,False
DEMO-1226,ICU-A (Medical),ICU-A-20,56,F,0,1,2026-08-02T06:00:00,100,0,,None,False
DEMO-1227,Ward-3 (Stepdown),Ward-3-10,51,F,1,0,2026-08-02T03:00:00,133,0,,None,False
DEMO-1228,ICU-A (Medical),ICU-A-20,55,F,4,0,2026-08-01T13:00:00,53,0,,None,False
DEMO-1229,ICU-C (Cardiac),ICU-C-22,75,M,4,0,2026-08-01T22:00:00,73,1,51.0,CLABSI,False
DEMO-1230,ICU-B (Surgical),ICU-B-13,57,M,3,1,2026-08-01T20:00:00,88,0,,None,False
DEMO-1231,ICU-A (Medical),ICU-A-02,66,M,1,0,2026-08-02T17:00:00,82,0,,None,False
DEMO-1232,ICU-C (Cardiac),ICU-C-16,49,M,2,1,2026-08-03T10:00:00,105,0,,None,False
DEMO-1233,ICU-B (Surgical),ICU-B-17,73,F,1,1,2026-08-01T12:00:00,105,1,64.0,Sepsis-Unspecified,False
DEMO-1234,Ward-3 (Stepdown),Ward-3-01,74,M,3,0,2026-08-02T16:00:00,129,0,,None,False
DEMO-1235,Ward-3 (Stepdown),Ward-3-12,77,F,2,0,2026-08-03T00:00:00,62,0,,None,False
DEMO-1236,ICU-B (Surgical),ICU-B-14,61,F,2,1,2026-08-03T04:00:00,73,0,,None,False
DEMO-1237,ICU-A (Medical),ICU-A-21,51,M,0,0,2026-08-04T05:00:00,156,0,,None,False
DEMO-1238,ICU-A (Medical),ICU-A-17,75,M,3,0,2026-08-01T10:00:00,54,0,,None,False
DEMO-1239,ICU-B (Surgical),ICU-B-10,45,M,0,1,2026-08-01T10:00:00,52,0,,None,False
DEMO-1240,ICU-A (Medical),ICU-A-13,74,M,4,0,2026-08-02T19:00:00,64,0,,None,False
DEMO-1241,ICU-B (Surgical),ICU-B-04,52,M,3,1,2026-08-02T02:00:00,78,0,,None,False
DEMO-1242,ICU-A (Medical),ICU-A-02,58,M,1,1,2026-08-01T21:00:00,54,0,,None,False
DEMO-1243,Ward-3 (Stepdown),Ward-3-09,76,F,4,0,2026-08-02T23:00:00,97,0,,None,False
DEMO-1244,ICU-C (Cardiac),ICU-C-08,53,M,4,0,2026-08-01T13:00:00,51,0,,None,False
DEMO-1245,ICU-C (Cardiac),ICU-C-06,28,F,4,0,2026-08-03T07:00:00,79,0,,None,False
DEMO-1246,ICU-B (Surgical),ICU-B-17,48,M,3,1,2026-08-02T14:00:00,57,0,,None,False
DEMO-1247,ICU-A (Medical),ICU-A-23,80,F,1,1,2026-08-03T16:00:00,73,0,,None,False
DEMO-1248,ICU-C (Cardiac),ICU-C-23,75,M,2,1,2026-08-03T12:00:00,168,0,,None,False
DEMO-1249,ICU-A (Medical),ICU-A-19,91,M,2,1,2026-08-03T04:00:00,52,0,,None,False
DEMO-1250,ICU-B (Surgical),ICU-B-03,64,M,1,1,2026-08-04T02:00:00,52,0,,None,False
DEMO-1251,ICU-C (Cardiac),ICU-C-01,83,F,0,0,2026-08-04T04:00:00,72,0,,None,False
DEMO-1252,ICU-C (Cardiac),ICU-C-06,82,M,3,0,2026-08-02T22:00:00,74,1,64.0,CAUTI,False
DEMO-1253,ICU-A (Medical),ICU-A-23,56,F,1,1,2026-08-03T17:00:00,99,1,63.0,CLABSI,False
DEMO-1254,ICU-B (Surgical),ICU-B-22,48,M,0,1,2026-08-01T15:00:00,66,0,,None,False
DEMO-1255,ICU-C (Cardiac),ICU-C-24,53,M,1,0,2026-08-03T12:00:00,82,0,,None,False
DEMO-1256,ICU-A (Medical),ICU-A-14,68,F,3,1,2026-08-03T23:00:00,87,0,,None,False
DEMO-1257,ICU-C (Cardiac),ICU-C-01,73,F,6,0,2026-08-01T20:00:00,84,0,,None,False
DEMO-1258,ICU-C (Cardiac),ICU-C-09,60,F,2,1,2026-08-04T07:00:00,99,0,,None,False
DEMO-1259,ICU-B (Surgical),ICU-B-07,65,M,3,1,2026-08-02T01:00:00,131,0,,None,False
DEMO-1260,ICU-B (Surgical),ICU-B-03,58,F,2,1,2026-08-01T19:00:00,133,0,,None,False
DEMO-1261,ICU-C (Cardiac),ICU-C-02,61,F,3,0,2026-08-03T12:00:00,96,0,,None,False
DEMO-1262,ICU-A (Medical),ICU-A-02,60,F,0,0,2026-08-03T01:00:00,60,0,,None,False
DEMO-1263,ICU-A (Medical),ICU-A-07,68,F,2,0,2026-08-03T11:00:00,126,0,,None,False
DEMO-1264,ICU-C (Cardiac),ICU-C-14,43,M,2,0,2026-08-03T02:00:00,58,0,,None,False
DEMO-1265,ICU-B (Surgical),ICU-B-09,78,M,1,1,2026-08-02T23:00:00,168,0,,None,False
DEMO-1266,ICU-A (Medical),ICU-A-05,47,F,3,0,2026-08-03T15:00:00,50,0,,None,False
DEMO-1267,ICU-B (Surgical),ICU-B-17,77,M,2,1,2026-08-01T18:00:00,74,0,,None,False
DEMO-1268,ICU-A (Medical),ICU-A-14,82,F,4,1,2026-08-02T22:00:00,76,1,63.0,CAUTI,False
DEMO-1269,Ward-3 (Stepdown),Ward-3-11,47,M,3,0,2026-08-02T18:00:00,48,0,,None,False
DEMO-1270,ICU-C (Cardiac),ICU-C-15,65,F,4,1,2026-08-01T22:00:00,122,0,,None,False
DEMO-1271,ICU-B (Surgical),ICU-B-11,45,M,3,1,2026-08-03T07:00:00,75,0,,None,False
DEMO-1272,ICU-A (Medical),ICU-A-10,72,F,6,1,2026-08-02T22:00:00,118,0,,None,False
DEMO-1273,ICU-C (Cardiac),ICU-C-11,62,M,6,0,2026-08-03T11:00:00,73,1,62.0,CLABSI,False
DEMO-1274,ICU-B (Surgical),ICU-B-16,77,F,1,1,2026-08-03T08:00:00,123,0,,None,False
DEMO-1275,ICU-A (Medical),ICU-A-06,55,M,2,0,2026-08-03T18:00:00,50,0,,None,False
DEMO-1276,ICU-A (Medical),ICU-A-19,46,M,0,0,2026-08-01T14:00:00,112,0,,None,False
DEMO-1277,ICU-A (Medical),ICU-A-12,66,M,0,1,2026-08-04T06:00:00,168,0,,None,False
DEMO-1278,ICU-B (Surgical),ICU-B-13,90,F,1,1,2026-08-03T20:00:00,59,0,,None,False
DEMO-1279,ICU-C (Cardiac),ICU-C-20,77,F,0,1,2026-08-03T03:00:00,68,0,,None,False
DEMO-1280,ICU-A (Medical),ICU-A-03,45,F,1,1,2026-08-03T11:00:00,90,0,,None,False
DEMO-1281,ICU-B (Surgical),ICU-B-23,70,M,4,1,2026-08-04T07:00:00,110,1,53.0,CLABSI,False
DEMO-1282,ICU-B (Surgical),ICU-B-14,55,F,1,1,2026-08-03T08:00:00,110,1,103.0,CLABSI,False
DEMO-1283,ICU-A (Medical),ICU-A-22,69,F,4,1,2026-08-01T17:00:00,68,0,,None,False
DEMO-1284,ICU-B (Surgical),ICU-B-12,64,M,2,1,2026-08-02T23:00:00,58,0,,None,False
DEMO-1285,ICU-B (Surgical),ICU-B-17,59,M,3,1,2026-08-03T03:00:00,60,0,,None,False
DEMO-1286,ICU-B (Surgical),ICU-B-23,67,F,1,1,2026-08-02T14:00:00,110,0,,None,False
DEMO-1287,ICU-B (Surgical),ICU-B-18,65,M,2,1,2026-08-03T19:00:00,48,0,,None,False
DEMO-1288,ICU-A (Medical),ICU-A-20,53,M,1,0,2026-08-03T10:00:00,72,0,,None,False
DEMO-1289,ICU-C (Cardiac),ICU-C-02,80,F,5,0,2026-08-02T03:00:00,50,0,,None,False
DEMO-1290,ICU-A (Medical),ICU-A-13,48,F,3,0,2026-08-02T11:00:00,158,0,,None,False
DEMO-1291,ICU-A (Medical),ICU-A-16,69,M,1,0,2026-08-03T02:00:00,72,1,61.0,CLABSI,False
DEMO-1292,ICU-B (Surgical),ICU-B-17,65,M,1,1,2026-08-02T23:00:00,49,1,49.0,Sepsis-Unspecified,False
DEMO-1293,Ward-3 (Stepdown),Ward-3-18,63,M,0,0,2026-08-02T22:00:00,113,0,,None,False
DEMO-1294,ICU-B (Surgical),ICU-B-18,67,M,1,1,2026-08-01T12:00:00,80,0,,None,False
DEMO-1295,Ward-3 (Stepdown),Ward-3-21,70,F,1,0,2026-08-03T04:00:00,76,0,,None,False
DEMO-1296,Ward-3 (Stepdown),Ward-3-12,61,M,0,0,2026-08-04T04:00:00,130,0,,None,False
DEMO-1297,ICU-C (Cardiac),ICU-C-17,43,F,3,0,2026-08-01T12:00:00,84,0,,None,False
DEMO-1298,ICU-B (Surgical),ICU-B-11,50,F,1,1,2026-08-01T14:00:00,50,1,49.0,CLABSI,False
DEMO-1299,ICU-A (Medical),ICU-A-01,62,M,2,0,2026-08-04T07:00:00,65,0,,None,False
DEMO-1300,ICU-A (Medical),ICU-A-20,53,F,3,1,2026-08-02T13:00:00,49,1,49.0,CAUTI,False
DEMO-1301,ICU-C (Cardiac),ICU-C-14,57,F,2,0,2026-08-02T03:00:00,95,1,82.0,VAP,False
DEMO-1302,ICU-B (Surgical),ICU-B-05,74,F,1,1,2026-08-04T06:00:00,82,0,,None,False
DEMO-1303,ICU-B (Surgical),ICU-B-05,80,M,3,1,2026-08-01T14:00:00,103,0,,None,False
DEMO-1304,ICU-B (Surgical),ICU-B-17,86,F,2,1,2026-08-01T23:00:00,57,0,,None,False
DEMO-1305,ICU-C (Cardiac),ICU-C-16,50,M,3,0,2026-08-03T08:00:00,60,0,,None,False
DEMO-1306,ICU-C (Cardiac),ICU-C-18,74,F,1,1,2026-08-03T10:00:00,83,0,,None,False
DEMO-1307,ICU-B (Surgical),ICU-B-22,79,M,1,1,2026-08-01T21:00:00,80,1,64.0,VAP,False
DEMO-1308,ICU-C (Cardiac),ICU-C-04,72,M,2,1,2026-08-03T02:00:00,59,0,,None,False
DEMO-1309,ICU-A (Medical),ICU-A-19,40,M,3,0,2026-08-02T18:00:00,59,1,49.0,CAUTI,False
DEMO-1310,ICU-B (Surgical),ICU-B-19,49,F,1,1,2026-08-04T02:00:00,133,0,,None,False
DEMO-1311,ICU-B (Surgical),ICU-B-16,85,M,6,1,2026-08-03T00:00:00,53,0,,None,False
DEMO-1312,ICU-A (Medical),ICU-A-11,69,F,4,0,2026-08-03T07:00:00,48,0,,None,False
DEMO-1313,Ward-3 (Stepdown),Ward-3-02,60,F,3,0,2026-08-02T02:00:00,52,0,,None,False
DEMO-1314,ICU-A (Medical),ICU-A-08,59,F,4,1,2026-08-03T21:00:00,143,0,,None,False
DEMO-1315,ICU-A (Medical),ICU-A-22,72,M,2,0,2026-08-02T07:00:00,84,0,,None,False
DEMO-1316,Ward-3 (Stepdown),Ward-3-09,70,M,3,0,2026-08-03T05:00:00,50,0,,None,False
DEMO-1317,ICU-B (Surgical),ICU-B-09,72,F,4,1,2026-08-01T20:00:00,136,0,,None,False
DEMO-1318,ICU-C (Cardiac),ICU-C-06,67,F,2,1,2026-08-01T19:00:00,101,0,,None,False
DEMO-1319,ICU-A (Medical),ICU-A-20,62,M,2,0,2026-08-02T03:00:00,67,0,,None,False
DEMO-1320,ICU-B (Surgical),ICU-B-07,54,M,2,1,2026-08-02T13:00:00,54,0,,None,False
DEMO-1321,ICU-A (Medical),ICU-A-21,59,M,2,0,2026-08-02T17:00:00,168,0,,None,False
DEMO-1322,ICU-C (Cardiac),ICU-C-18,67,F,1,0,2026-08-03T16:00:00,75,1,53.0,Sepsis-Unspecified,False
DEMO-1323,ICU-A (Medical),ICU-A-16,77,M,4,0,2026-08-03T04:00:00,150,0,,None,False
DEMO-1324,ICU-B (Surgical),ICU-B-13,83,M,3,1,2026-08-02T16:00:00,95,0,,None,False
DEMO-1325,Ward-3 (Stepdown),Ward-3-19,51,M,4,0,2026-08-03T10:00:00,145,0,,None,False
DEMO-1326,ICU-B (Surgical),ICU-B-07,92,F,0,1,2026-08-03T08:00:00,63,0,,None,False
DEMO-1327,ICU-B (Surgical),ICU-B-04,71,F,1,1,2026-08-02T05:00:00,76,1,60.0,Sepsis-Unspecified,False
DEMO-1328,ICU-B (Surgical),ICU-B-11,78,M,0,1,2026-08-02T04:00:00,73,0,,None,False
DEMO-1329,ICU-A (Medical),ICU-A-16,66,M,0,0,2026-08-03T08:00:00,102,0,,None,False
DEMO-1330,ICU-B (Surgical),ICU-B-09,52,F,4,1,2026-08-02T17:00:00,66,0,,None,False
DEMO-1331,ICU-B (Surgical),ICU-B-03,54,M,4,1,2026-08-03T19:00:00,59,0,,None,False
DEMO-1332,ICU-C (Cardiac),ICU-C-09,76,F,3,0,2026-08-01T14:00:00,96,1,86.0,CAUTI,False
DEMO-1333,ICU-C (Cardiac),ICU-C-01,54,M,5,0,2026-08-03T15:00:00,56,1,49.0,CLABSI,False
DEMO-1334,ICU-C (Cardiac),ICU-C-13,83,M,6,1,2026-08-03T18:00:00,121,0,,None,False
DEMO-1335,ICU-A (Medical),ICU-A-18,60,M,2,1,2026-08-02T09:00:00,94,0,,None,False
DEMO-1336,ICU-A (Medical),ICU-A-10,78,F,3,0,2026-08-02T09:00:00,121,0,,None,False
DEMO-1337,Ward-3 (Stepdown),Ward-3-22,67,F,3,0,2026-08-03T05:00:00,58,0,,None,False
DEMO-1338,ICU-A (Medical),ICU-A-19,47,F,0,0,2026-08-03T10:00:00,76,0,,None,False
DEMO-1339,ICU-A (Medical),ICU-A-06,50,F,1,0,2026-08-02T00:00:00,159,0,,None,False
DEMO-1340,Ward-3 (Stepdown),Ward-3-16,64,M,0,1,2026-08-01T13:00:00,81,0,,None,False
DEMO-1341,ICU-C (Cardiac),ICU-C-13,52,M,0,0,2026-08-01T09:00:00,53,0,,None,False
DEMO-1342,ICU-A (Medical),ICU-A-02,55,M,2,1,2026-08-02T23:00:00,50,0,,None,False
DEMO-1343,Ward-3 (Stepdown),Ward-3-17,65,M,0,0,2026-08-02T17:00:00,51,0,,None,False
DEMO-1344,ICU-B (Surgical),ICU-B-07,48,M,1,1,2026-08-03T00:00:00,50,1,49.0,VAP,False
DEMO-1345,ICU-B (Surgical),ICU-B-13,66,M,1,1,2026-08-02T20:00:00,71,1,58.0,CLABSI,False
DEMO-1346,ICU-A (Medical),ICU-A-14,73,M,0,0,2026-08-03T10:00:00,64,0,,None,False
DEMO-1347,ICU-A (Medical),ICU-A-01,72,M,1,0,2026-08-02T08:00:00,64,0,,None,False
DEMO-1348,ICU-B (Surgical),ICU-B-14,90,F,1,1,2026-08-02T19:00:00,86,0,,None,False
DEMO-1349,ICU-B (Surgical),ICU-B-16,61,F,0,1,2026-08-01T16:00:00,53,1,49.0,CLABSI,False
